id,username,password
1,cayetanamanzanares,pbkdf2_sha256$720000$26Vq6Egtf15Y2tkUxO67E8$sNODK0Z8kEhGk5+yb6BgJ05Foi5Pkm5UvoC1u1lu6CU=
2,benita63,pbkdf2_sha256$720000$Ap8NG1sF6O2Ko9hEGOEbcT$uWO8zq6k1HbxcGGaQg8rpDNaVhh9b0GjRkjeaLrhUwo=
3,inesbriones,pbkdf2_sha256$720000$WdHnPDFT18pUHWlLipRq3i$B46ch8AqcPeaR5SQiQFpKv8FwSkTFFjicpA5I2ybY6Q=
4,omercader,pbkdf2_sha256$720000$kwJcjFNPSf9Tjf5wwQozRI$BKkGqKAwndHTSE7WicrxJkmYSjB9MrQOh24xQP42UVc=
5,garzonjimena,pbkdf2_sha256$720000$DB0Sz7cSckbVFX4GVI7xax$fXmkSkynQDG23EERMP0JbVJIKEH8Wqd1s2xM+unk4AQ=
6,uechevarria,pbkdf2_sha256$720000$7rxWqGJQpI0CgFfnYBPwCl$XXVS0BtJPkCdbyn82mutoL1zpDb1TJv7e6Cw8RJQMf4=
7,sanjuanfernando,pbkdf2_sha256$720000$vhyweUflqUR6bEMqUWzOYy$IwwqI8kUvw9zqluXPN0gE66bfYTEPXfUwfWtdlZxZTk=
8,jenarobru,pbkdf2_sha256$720000$C4MsCow0vlSmIWKkn9VVIc$HYBcYP7fgGkKwq+eSLTP2EEanQOHtDORA8D9Y15bkA8=
9,joaquinhernandez,pbkdf2_sha256$720000$vRgmZJuFu0gaOFf2UmCCQg$rUBLfb5LtGPqElInGPA/vycJWBU+2QeEDfKAtlto1SI=
10,escrivapedro,pbkdf2_sha256$720000$DnbVROeCabg4zSr0iIdDeM$JxbJwSExAMIeJyccZnsEU4eqPu+LnjAAtFxcDNKh9Sk=
11,nelidamari,pbkdf2_sha256$720000$rkC5DyNV80rNjL39Kb3s3d$HKdhcsL9nfXT9jmI961wCoC7H5fqJKs5TRcX9l/fvso=
12,royoisa,pbkdf2_sha256$720000$uGFTMPRoOOfwHXV3rKHAf1$E2sJw84OMqaah1oqQ/1szTiB7ySnFU97MGPsCcBarAU=
13,drobles,pbkdf2_sha256$720000$qph4QsYjtxPUOhZzb7zcy5$D5lRDr9EielJtSByFHGUHT36hGh+ZVVK9QQjUfoTUTY=
14,rodenasnieves,pbkdf2_sha256$720000$MdNbVbP63GerN6UJzWKnxu$hxxXf/5hC/UXh0uUHJkUIV7Q6KnEiEnc0pzrp4umIHY=
15,nvillena,pbkdf2_sha256$720000$pezRSyax3qH6RbflAQsFBg$g0A5ui1SKSPSLkySttoOv2htyhCTL5LuCIi5mfYVn5w=
16,javiera98,pbkdf2_sha256$720000$hYpe7p7dukq6mOh1K7wFBu$LScwkfvS1RSd/rVhh3P94L0G7xS8LOVXuzNBy5dyI8A=
17,roquefuertes,pbkdf2_sha256$720000$pFlUaWd3uVfrKRrVLsCsyV$K282ugGiD0kuBARKCcj5uqOKHoiTrJ4Bq3RTQTssUH0=
18,ufabregas,pbkdf2_sha256$720000$DASMTgnleDdIVPJh8puZhI$V9hHwV0BUH9AakJgReHWxYYiOU07cRBWvLWrZFqdYfo=
19,ribastatiana,pbkdf2_sha256$720000$b0E24ST5kgTv0FVoAQ9ol7$9zQciiVc2RK14dDLb2Fxk2nGmpqeIWW4xh7KT8yAfag=
20,ferrandocustodio,pbkdf2_sha256$720000$ldTM1qLPdfv7CMl79XqujX$TfPVEQmyv3UeL7EqA8IW1P7WiH+5MOnFe7WhbyBkhpc=
21,luciocanete,pbkdf2_sha256$720000$jWutLdExzdcuwssowm5Hxq$dT5MTtURa5VzEZBmIuS5+Hh1bVBe0NFaearqpaxGcZY=
22,brobledo,pbkdf2_sha256$720000$jtL7xxmA6Ug544rwjh3iMA$KQe4c5PgO3+g91c8/fHvu0JQ3esZAG4DAYassd0JKc8=
23,obonilla,pbkdf2_sha256$720000$Ihp65GAvhGFZwAyMfQ1g9s$ThnA/T3DAF7jltloEJ3+lcygMgPTDeU6eTGVIFHnpFs=
24,egeageraldo,pbkdf2_sha256$720000$zHRsBnaIUSuUQjHHSp9ra7$sFJQF0FWdeyNEFdArqq/39DXqOZ3LOrSF1jR61BnBFE=
25,juradotrinidad,pbkdf2_sha256$720000$viQ9aCSFnDcUYXQ69Y3fXa$Pu6lveQ+WtGxNdRoLpdGG5Qjjdm6NK/wEICen5hnjMs=
26,acerorebeca,pbkdf2_sha256$720000$tkiuxELbOWTdpoB38LXhqT$lV+GOw2WW6wODSdyeTwr21tSx9Vzc0/f9FeycNXf2Cc=
27,portaedgardo,pbkdf2_sha256$720000$RzIDWntCBlqjyy7BTNjF23$Mv2GlzkWjS+qbXY6hhjmRq9EBpQ6bDpeCuiQZeol7FI=
28,rgalvan,pbkdf2_sha256$720000$ddrdL9rrfGT8EMxBIlpxbZ$cIycHz8KITskpry7wc17nIlI1nVh2SjZIKZAV9cnkFs=
29,nmendez,pbkdf2_sha256$720000$eEQH3nckx0PZpRNlbP5gYE$91DN08YkcQsVgn3qSiAk1t9oEJNJ5MQ+0F0yebFpTzA=
30,acanton,pbkdf2_sha256$720000$9w0O3KwOYp4S06OscKM7dY$mFtZ2W+ikI5h7BXnmjeAlwGiOml1+otgC2BDuDw74cQ=
31,durancoral,pbkdf2_sha256$720000$YB2mmkjmP1codgg9O3gaLa$kafCty5Ry/0CNx6eE1xZpk/UH1RnGGraFnyT6n8j8i8=
32,buenaventuraalegre,pbkdf2_sha256$720000$HlCYI3posUpWGT4DaEVhzG$l+IAkJnkQagifOiLvQmiAEmVEmYSeKErerBziXx3XMo=
33,robertacrespo,pbkdf2_sha256$720000$lSkOk5Ot2EKWFMRDxnvyFz$EJko3EQ2JoUPJd1IawB5JHTt6V/FBqmy3jz2bIH69Mc=
34,itena,pbkdf2_sha256$720000$zQqYnlLhdCDxZaca9LkffI$zxirP1ArPJos812uJLXeOczcfg9eLEOc4RUYeUQul7Y=
35,adelinacozar,pbkdf2_sha256$720000$woRUfNtjXc2XmNcGKmN4oa$VO3H/wvHO5M01IU9nG1aqojcdbCUs6u9lTBih8fxOIc=
36,contrerasjacinta,pbkdf2_sha256$720000$wgzdoVbP3oXlxhkQ4UMQHG$1/v6ZHtTf5Ee3/EE/wmsHQNJfLGGYJWeWxxfB1RL95w=
37,bcasas,pbkdf2_sha256$720000$7397U3tfkmSM70GFoCI8Ur$/ZKo8JpTHJxHgg/KpBgs5c7M/0JchmoFO99p18nkWWA=
38,abascalfulgencio,pbkdf2_sha256$720000$76k5XZP534d3uX4hqIY9D4$3dSBeumLc/lW0gKIqxOa0mAbUffjK50bjZgYwUZMYPc=
39,garatehoracio,pbkdf2_sha256$720000$drTYGGenzsMaGeEwHhRGEA$xzA2DIYShakrvrZH2tKpt05yjbUzT1wXXYvQOTSeMMQ=
40,sanchezanunciacion,pbkdf2_sha256$720000$DrN2Y5ElrWpt1feScZdPmR$RnEXc3r4L89RVovS8XAo0yjNXcR1gsrRJloxe8ABpRg=
41,calixto30,pbkdf2_sha256$720000$9mI8XDi9dioEjAQKcBuJq7$eN82ytCJtojvATLpjGWxuxOo7FjnqKFgNM4tgwPCmRI=
42,ricarda37,pbkdf2_sha256$720000$ZtZsXC5kpm1XXQjqNxE2Nc$GkLzwOxXgoGO3JD2YP9PTmsoy8DjlqOpgQLiJjqVPDc=
43,ferrersantos,pbkdf2_sha256$720000$xBwc62Le09Dl7alsuE0EiW$+2cLZq8OSgHDkHJSaP1W7mbHGOJIbhLwD4/oAj4eWPs=
44,cjodar,pbkdf2_sha256$720000$hTnNQESp9rj7dkkup2QXNa$jPLaWZ0lbfFuJOzoI+ZgwezCObOLWSdeMDQUCL8ZfCY=
45,cbarral,pbkdf2_sha256$720000$18nF4GMDs06WjnHhOpiWgl$fpV3OFFukD+Dklo3tTFjgW2E+vtTSiJacW7O5TqYDU4=
46,isaacsaez,pbkdf2_sha256$720000$yYFBqTRPF0Y8FLsglTMPPK$l2FB3SbzgJCwUdYQmOL6s9swTzPMb8UGmp8Jb6g3mO4=
47,tejedorhilda,pbkdf2_sha256$720000$AeHa4zoP48rvlOjPIjboKD$FEZeC/G3pNarPNuRRb6zv3zVb47oGkEzVexPxkCpwvM=
48,uramis,pbkdf2_sha256$720000$7xxtSCoQziyFn5FbOxJ5xP$whIAP+X5Ps1ZO/6X8pJV3PreOHtSV+Mx3TjBxEGh8Is=
49,qnicolau,pbkdf2_sha256$720000$6Z4ooEgWuqZ4JJLHXNRBhe$/lW5MtqzRF1UhGwQbbnnbBBledKFvFcNja9zKZqAmLQ=
50,apaniagua,pbkdf2_sha256$720000$ztalSnERpzb9kL7hSx18nP$zZgLwiAjWuew9CHmpCYTlneUBjuxwOH2jmfJmAKiuhc=
51,mirallesmelania,pbkdf2_sha256$720000$SDz1qtCBIfKwjj0vmfGZEI$sFt/pqDcmBaKq8VJieJ4CNwy4qb2G3QbfNF9Puko6bo=
52,zabalaangelica,pbkdf2_sha256$720000$bP0X0KX5jL4QRmwJIMRAN0$3VdLrV84fe/gEJ1XlmtVhfyMI+1tlRinX5xIOfBCOPE=
53,rmarco,pbkdf2_sha256$720000$mMaJ6b5aWcwCsQtwDLcC53$3swlTlgU0rnl+2buw0YW/Cs/5wM36OKTC9EP4co3AzY=
54,juan-josefabra,pbkdf2_sha256$720000$Ym3lfeIZXxRi9dyqIIVSD5$vv13cZQXUV6P01dHuTdLOkpxE7YHcqrTC8EBzn7hxO8=
55,florentina58,pbkdf2_sha256$720000$WFez6lVE5ilunutwsurkCr$2wIdJLV11QcXzqqggw9lvqnC8DMI34vxZRkZnh/KzLA=
56,larrealisandro,pbkdf2_sha256$720000$0lZQkJ4XFUyGL57Jozlijb$py8rEIiyNxrcHDsK7TFa4HbN0lVrnKt4y65DFI8PAGk=
57,equero,pbkdf2_sha256$720000$lP73icG2VQG1VU3LJgHcLn$ZsVkg644lqtyeZw++l9y/2sRIUBbH1E/Ze9ES+L8wn8=
58,berta71,pbkdf2_sha256$720000$cnrJJX2xmzdSSKOxgCOzIQ$iknRsNhjwf/oKYqB9NZaUWP4Sg+WcVC8LaUIn2UlFXw=
59,candelaslucena,pbkdf2_sha256$720000$jR1qGeqHC4LZM0tfG2QE2G$RsuGOWxLwhoAs1TxqTJ2iwPlaFxXcGSdtkDTC7zEjBU=
60,imeldacriado,pbkdf2_sha256$720000$uJtgG4zOuiH14kApXPxkPE$9gSTbuqKhRfsDYINB2FJy6DJBbocziV4/h8eszOPtCI=
61,ainaracifuentes,pbkdf2_sha256$720000$20sMffbgxYU0FvZdrO3VH3$Va7uceojOVs/9MPZrbryq4Y5lH3jdjkhoOcDEq8UdOw=
62,gracianoamigo,pbkdf2_sha256$720000$7VC4vsw9ag3DbZakV922jU$mdr2vvqMRZq7DUEWqFaWY1nJNCYoFP1YEChzlPOWHv0=
63,jenny22,pbkdf2_sha256$720000$MsYSQTmwXrblxSe5LoljHy$EyrEZQ4E7399jrNnNQuV0MczbUgd2uUvJm5r1eOYyk8=
64,encarna35,pbkdf2_sha256$720000$p5L9B4MnPpF8lG2EzPudKr$Vd9gWj0jbsHAvGGXQsmjXwFwP+7ROuhe6OS5YXC+XJ8=
65,lariza,pbkdf2_sha256$720000$cmPlKoZS9QoaeherUL9Qwh$Y89zHAS75uHd19wDzAQCBfBdmA4lLtCYOP0Z9LMYxZc=
66,beatriz51,pbkdf2_sha256$720000$zQbRneDI3TsHIC5o6FiG4k$fk8KHBvE010zbbGVwLxLstii77xagHCurjEHBRBptvA=
67,morenafernandez,pbkdf2_sha256$720000$dzEi34FqZPAPpMHo92yvOd$5MBe6jhXL8Nz4s2dFCjPDEPhR6KX3+VTOpX5x0nUaFA=
68,luis05,pbkdf2_sha256$720000$MlbZiIHVqs5DFsHIvXiU4U$j174xoRwaP4VDpQzR84PzmXYbLAPFWIbyijcMtY72Eo=
69,espinosabruno,pbkdf2_sha256$720000$bm0TJyj4ePqEZ29eqNEyaM$sU743hOfeSzrpxBfTuDzQv2CBeLAhV+seO71mt8Utl4=
70,hector25,pbkdf2_sha256$720000$uoFrdlOeRHua78zNts8pCQ$SwqRBQubvBw1MRhNJ5YeAzsKDMNo9AAu5+f0aOSLC30=
71,yarco,pbkdf2_sha256$720000$ZjcRc81elYRYfPckbDpAEF$ZMwa+/W8v6xS/hLOJnSZmdETv4wSgeLOiIYZ0fG/2lQ=
72,vcatalan,pbkdf2_sha256$720000$gEJGzjVvs7M6t8paxHpDke$XEdqfEkFhYTmpddC22Hf0ndBCitnqUwjJtGN3T99T98=
73,kiglesia,pbkdf2_sha256$720000$lcaOXISCZ8tCPI1uzLHZIC$osBBwtaVgVwyFN4zDPjgK9Xc5TzyYpz8bnJEZ0wbyQw=
74,vflor,pbkdf2_sha256$720000$Sh8RPJ5XcZCCA5Q60OqCPN$WwOUZWeKVRwaN8tToTO2BycUtZy/cAcy0HDitTNMsek=
75,wprats,pbkdf2_sha256$720000$TfNIskKV1BcUF33SxoZyH6$OAK33c5N2H4CrdT1WXUqekcSVPuDQTCRTj10a7s0DYo=
76,nandovalles,pbkdf2_sha256$720000$UVpyPRHbC9TQQfcyOxXTHZ$bxB+mmUmbLtD9fzjYpjpRGjF35fi9hhSaseJnfoecws=
77,adeliaroman,pbkdf2_sha256$720000$Y16vlNO4wf7lpL61GxlMWr$TfWW342mNSthNp9z1tHwGddb+0o7+hTxSukEVke3MKw=
78,dolores48,pbkdf2_sha256$720000$064oPs872M8gW0YW8l3ATt$UwZfk9Bi3/TNkQJQ3ntwjSykz3FqQqI1h11APYmjC/Y=
79,domingo86,pbkdf2_sha256$720000$gZBCyKtxX5UpMmE7vtcl3c$ZUUSAqTd3A38d1/9jg5nwhUETCcs0MjszYMN1tLL9ac=
80,lgalan,pbkdf2_sha256$720000$3iFL8a5mq4Ho3b4nMNMc3W$Y4tRuZ+sXpL/gIayhVQpLxTFTAMiFZZ3lNYF2tPex78=
81,cabezasvasco,pbkdf2_sha256$720000$WwZvrhHtIzHjrginypPIjX$EjH4qGFE/nUZZOXqtfIKUDUCDVuoK4a/GzhQmoLkIQE=
82,rlumbreras,pbkdf2_sha256$720000$8jnJWEEn1y2oaRXAdcsrOu$aSDJy9ituMlS2LTxeYV0tstQsrjN4/4zGO8Eorsrt74=
83,luis-angelmontenegro,pbkdf2_sha256$720000$bbLALBBPeLQ9UjkRzhHKxS$HRs5vKp2QyM2L+hU0fb8NB2t8tvjlKNQ67hklBqhe/8=
84,fonsecagertrudis,pbkdf2_sha256$720000$134gyzlKZDS7UuU9E53n2k$AG3uMP5HZMca+WZn13mabDtQK9bu0CJBsa4bK82VY/Q=
85,santamariarolando,pbkdf2_sha256$720000$lXo5Nrt3RQkuRDRPTXAUxo$rQgYJptG1XrtXC65L/Ym4OKsQK4UNrAPC0ahg4YDSGw=
86,titocanton,pbkdf2_sha256$720000$UaFw3b3WWe9c5cNdz7h8Gz$EwHT8uMfQEEugL+aGrbbs7GpxJbvT8lJl3nEtrTyCyo=
87,garciaedgar,pbkdf2_sha256$720000$6dHDEqUHyUkM6EYXYkJ7hh$Ypt06YmoOm6XUvaP6Wkw0WtawFVCB2sj2FMYjpwhnaI=
88,flornoriega,pbkdf2_sha256$720000$MH5vajIjyUGZD5Ez2Q0KD3$0iz3TaE+vGdjF97Ao1wh1OE0LTSc8yvodW30N26hIUE=
89,ramirezabilio,pbkdf2_sha256$720000$yIdp0ZjEhBqZUV876f31La$/CxhzsbygErdPCfi0HbShdSyAgsaaKXM/hC+zYTN/pU=
90,constanzacerezo,pbkdf2_sha256$720000$yQfVRaBtH5ZKS5XCK13omZ$pWRLnwo0hsAYLfyU2zGsbUOUj0nzIsOZlt32EzBDc4A=
91,atilio20,pbkdf2_sha256$720000$PsoPFIjgjYLvSHiLtdq8QH$jfcrkITE8I5TTtMz0IKkbsRGDDu85etS9q0jaTe3LHg=
92,gvega,pbkdf2_sha256$720000$lXmkHqwY0yKHCjd8C5L29m$6TsXcDFs2BeQdOY30IaeM8reOQGd0owYSDVjZZJtyRw=
93,iriarteluna,pbkdf2_sha256$720000$KudJ7N5wQeSmU8PCJpvgQP$777F3LfuD18ThGo4gbgKqW9sKbyFqhLn6Q2fsZXFjGs=
94,palomarangel,pbkdf2_sha256$720000$lluf6N3adJmIzVogd3AceL$SM71aS979OKtv57fVv6KoEU37Y6p7n5s0q5OUQDWs4g=
95,larreaximena,pbkdf2_sha256$720000$IUR2a2TvzJ7nUwFa0u8s23$ouU9QsJIuaHciw+Ub5IoFr9mVdbIBYGIf9xhxaRsDsM=
96,ojedacustodio,pbkdf2_sha256$720000$m08bcw8FPF0u2Ieo5iZaXy$qHHoy94MHQkCJqQM7WSGr6gASGEVpI9LOsn1Xt5OHds=
97,larreasandalio,pbkdf2_sha256$720000$9m2SdP2nJOLN38mtvcytD1$ZpjN2hbl20Rx8Mftly0G4xA8H3X55FWtuOPCekFU6uk=
98,osvaldo25,pbkdf2_sha256$720000$LrVXRtNRqXuSRV5pj1VnyL$zvqOPvTBWCGzkAijPaKiiGRkjO7aXeisk+O69kGdPlU=
99,dafnegomila,pbkdf2_sha256$720000$p9FZvWdYuynmadmrDiWW0k$6ew+kHUxcZckWI28QoW3dam9VytA+vioAkw8qA1AaPU=
100,sabinatorrents,pbkdf2_sha256$720000$R3dMn3sHyeGfYYqps75pYZ$ycy6DF8sHbaZh1nfStOorEq5E2/wZyM/GD969WiqpSY=
